{
    "adRequest":{
        "invoke":"swan.method.url",
        "method":"_naSwan.bridge.postMessage"
    },
    "adWebview.insert":{
        "invoke":"swan.method.url",
        "method":"_naSwan.bridge.postMessage"
    },
    "addFavor":{
        "invoke":"swan.method.url",
        "method":"_naSwan.bridge.postMessage"
    },
    "addPhoneContact":{
        "invoke":"swan.method.url",
        "method":"_naSwan.bridge.postMessage"
    },
    "animView.insert":{
        "invoke":"swan.method.url",
        "method":"_naSwan.bridge.postMessage"
    },
    "animView.remove":{
        "invoke":"swan.method.url",
        "method":"_naSwan.bridge.postMessage"
    },
    "animView.update":{
        "invoke":"swan.method.url",
        "method":"_naSwan.bridge.postMessage"
    },
    "app.insert":{
        "invoke":"swan.method.url",
        "method":"_naSwan.bridge.postMessage"
    },
    "appInstallManager.install":{
        "invoke":"swan.method.url",
        "method":"_naSwan.bridge.postMessage"
    },
    "audio.close":{
        "invoke":"swan.method.url",
        "method":"_naSwan.bridge.postMessage"
    },
    "audio.open":{
        "invoke":"swan.method.url",
        "method":"_naSwan.bridge.postMessage"
    },
    "audio.pause":{
        "invoke":"swan.method.url",
        "method":"_naSwan.bridge.postMessage"
    },
    "audio.play":{
        "invoke":"swan.method.url",
        "method":"_naSwan.bridge.postMessage"
    },
    "audio.renew":{
        "invoke":"swan.method.url",
        "method":"_naSwan.bridge.postMessage"
    },
    "audio.seek":{
        "invoke":"swan.method.url",
        "method":"_naSwan.bridge.postMessage"
    },
    "audio.stop":{
        "invoke":"swan.method.url",
        "method":"_naSwan.bridge.postMessage"
    },
    "authorize":{
        "invoke":"swan.method.url",
        "method":"_naSwan.bridge.postMessage"
    },
    "backgroundAudio.getParamsSync":{
        "invoke":"swan.method.json",
        "method":"_naSwan.bridge.backgroundAudio.getParamsSync"
    },
    "backgroundAudio.open":{
        "invoke":"swan.method.url",
        "method":"_naSwan.bridge.postMessage"
    },
    "backgroundAudio.pause":{
        "invoke":"swan.method.url",
        "method":"_naSwan.bridge.postMessage"
    },
    "backgroundAudio.play":{
        "invoke":"swan.method.url",
        "method":"_naSwan.bridge.postMessage"
    },
    "backgroundAudio.renew":{
        "invoke":"swan.method.url",
        "method":"_naSwan.bridge.postMessage"
    },
    "backgroundAudio.seek":{
        "invoke":"swan.method.url",
        "method":"_naSwan.bridge.postMessage"
    },
    "backgroundAudio.stop":{
        "invoke":"swan.method.url",
        "method":"_naSwan.bridge.postMessage"
    },
    "baidu.activityRequest":{
        "invoke":"swan.method.url",
        "method":"_naSwan.bridge.postMessage"
    },
    "baidu.closeFullScreenView":{
        "invoke":"swan.method.url",
        "method":"_naSwan.bridge.postMessage"
    },
    "baidu.getBDUSS":{
        "invoke":"swan.method.url",
        "method":"_naSwan.bridge.postMessage"
    },
    "baidu.getCommonSysInfo":{
        "invoke":"swan.method.url",
        "method":"_naSwan.bridge.postMessage"
    },
    "baidu.getPrivateGetUserInfo":{
        "invoke":"swan.method.url",
        "method":"_naSwan.bridge.postMessage"
    },
    "baidu.getPushSettingStateSync":{
        "invoke":"swan.method.json",
        "method":"_naSwan.bridge.extension.getPushSettingStateSync"
    },
    "baidu.getStoken":{
        "invoke":"swan.method.url",
        "method":"_naSwan.bridge.postMessage"
    },
    "baidu.guidePushSetting":{
        "invoke":"swan.method.url",
        "method":"_naSwan.bridge.postMessage"
    },
    "baidu.joinActivity":{
        "invoke":"swan.method.url",
        "method":"_naSwan.bridge.postMessage"
    },
    "baidu.openBdboxWebview":{
        "invoke":"swan.method.url",
        "method":"_naSwan.bridge.postMessage"
    },
    "baidu.openFullScreenView":{
        "invoke":"swan.method.url",
        "method":"_naSwan.bridge.postMessage"
    },
    "baidu.openWalkNavigation":{
        "invoke":"swan.method.url",
        "method":"_naSwan.bridge.postMessage"
    },
    "baidu.requestWalletPolymerPayment":{
        "invoke":"swan.method.url",
        "method":"_naSwan.bridge.postMessage"
    },
    "baidu.thirdPartyLogin":{
        "invoke":"swan.method.url",
        "method":"_naSwan.bridge.postMessage"
    },
    "button.insert":{
        "invoke":"swan.method.url",
        "method":"_naSwan.bridge.postMessage"
    },
    "button.remove":{
        "invoke":"swan.method.url",
        "method":"_naSwan.bridge.postMessage"
    },
    "button.update":{
        "invoke":"swan.method.url",
        "method":"_naSwan.bridge.postMessage"
    },
    "camera.insert":{
        "invoke":"swan.method.url",
        "method":"_naSwan.bridge.postMessage"
    },
    "camera.remove":{
        "invoke":"swan.method.url",
        "method":"_naSwan.bridge.postMessage"
    },
    "camera.startRecord":{
        "invoke":"swan.method.url",
        "method":"_naSwan.bridge.postMessage"
    },
    "camera.stopRecord":{
        "invoke":"swan.method.url",
        "method":"_naSwan.bridge.postMessage"
    },
    "camera.takePhoto":{
        "invoke":"swan.method.url",
        "method":"_naSwan.bridge.postMessage"
    },
    "camera.update":{
        "invoke":"swan.method.url",
        "method":"_naSwan.bridge.postMessage"
    },
    "cancelRequest":{
        "invoke":"swan.method.url",
        "method":"_naSwan.bridge.postMessage"
    },
    "canvas.drawCanvas":{
        "invoke":"swan.method.url",
        "method":"_naSwan.bridge.postMessage"
    },
    "canvas.insert":{
        "invoke":"swan.method.url",
        "method":"_naSwan.bridge.postMessage"
    },
    "canvas.measureTextSync":{
        "invoke":"swan.method.json",
        "method":"_naSwan.bridge.canvas.measureTextSync"
    },
    "canvas.remove":{
        "invoke":"swan.method.url",
        "method":"_naSwan.bridge.postMessage"
    },
    "canvas.update":{
        "invoke":"swan.method.url",
        "method":"_naSwan.bridge.postMessage"
    },
    "canvasGetImageData":{
        "invoke":"swan.method.url",
        "method":"_naSwan.bridge.postMessage"
    },
    "canvasPutImageData":{
        "invoke":"swan.method.url",
        "method":"_naSwan.bridge.postMessage"
    },
    "canvasToTempFilePath":{
        "invoke":"swan.method.url",
        "method":"_naSwan.bridge.postMessage"
    },
    "checkFavor":{
        "invoke":"swan.method.url",
        "method":"_naSwan.bridge.postMessage"
    },
    "checkSession":{
        "invoke":"swan.method.url",
        "method":"_naSwan.bridge.postMessage"
    },
    "chooseAddress":{
        "invoke":"swan.method.url",
        "method":"_naSwan.bridge.postMessage"
    },
    "chooseAlbum":{
        "invoke":"swan.method.url",
        "method":"_naSwan.bridge.postMessage"
    },
    "chooseImage":{
        "invoke":"swan.method.url",
        "method":"_naSwan.bridge.postMessage"
    },
    "chooseInvoiceTitle":{
        "invoke":"swan.method.url",
        "method":"_naSwan.bridge.postMessage"
    },
    "chooseLocation":{
        "invoke":"swan.method.url",
        "method":"_naSwan.bridge.postMessage"
    },
    "chooseVideo":{
        "invoke":"swan.method.url",
        "method":"_naSwan.bridge.postMessage"
    },
    "clearStorage":{
        "invoke":"swan.method.url",
        "method":"_naSwan.bridge.postMessage"
    },
    "clearStorageSync":{
        "invoke":"swan.method.json",
        "method":"_naSwan.bridge.clearStorageSync"
    },
    "closeSocket":{
        "invoke":"swan.method.url",
        "method":"_naSwan.bridge.postMessage"
    },
    "connectSocket":{
        "invoke":"swan.method.url",
        "method":"_naSwan.bridge.postMessage"
    },
    "container.insert":{
        "invoke":"swan.method.url",
        "method":"_naSwan.bridge.postMessage"
    },
    "container.update":{
        "invoke":"swan.method.url",
        "method":"_naSwan.bridge.postMessage"
    },
    "coverImage.insert":{
        "invoke":"swan.method.url",
        "method":"_naSwan.bridge.postMessage"
    },
    "coverImage.remove":{
        "invoke":"swan.method.url",
        "method":"_naSwan.bridge.postMessage"
    },
    "coverImage.update":{
        "invoke":"swan.method.url",
        "method":"_naSwan.bridge.postMessage"
    },
    "coverView.insert":{
        "invoke":"swan.method.url",
        "method":"_naSwan.bridge.postMessage"
    },
    "coverView.remove":{
        "invoke":"swan.method.url",
        "method":"_naSwan.bridge.postMessage"
    },
    "coverView.update":{
        "invoke":"swan.method.url",
        "method":"_naSwan.bridge.postMessage"
    },
    "deleteFavor":{
        "invoke":"swan.method.url",
        "method":"_naSwan.bridge.postMessage"
    },
    "deleteHistory":{
        "invoke":"swan.method.url",
        "method":"_naSwan.bridge.postMessage"
    },
    "downloadExtension":{
        "invoke":"swan.method.url",
        "method":"_naSwan.bridge.postMessage"
    },
    "downloadFile":{
        "invoke":"swan.method.url",
        "method":"_naSwan.bridge.postMessage"
    },
    "downloadPackages":{
        "invoke":"swan.method.url",
        "method":"_naSwan.bridge.postMessage"
    },
    "faceResultVerify":{
        "invoke":"swan.method.url",
        "method":"_naSwan.bridge.postMessage"
    },
    "faceVerify.insert":{
        "invoke":"swan.method.url",
        "method":"_naSwan.bridge.postMessage"
    },
    "getAppInfoSync":{
        "invoke":"swan.method.json",
        "method":"_naSwan.bridge.getAppInfoSync"
    },
    "getBatteryInfo":{
        "invoke":"swan.method.url",
        "method":"_naSwan.bridge.postMessage"
    },
    "getBatteryInfoSync":{
        "invoke":"swan.method.json",
        "method":"_naSwan.bridge.getBatteryInfoSync"
    },
    "getCommonSysInfoSync":{
        "invoke":"swan.method.json",
        "method":"_naSwan.bridge.getCommonSysInfoSync"
    },
    "getDebugConfig":{
        "invoke":"swan.method.url",
        "method":"_naSwan.bridge.postMessage"
    },
    "getFavor":{
        "invoke":"swan.method.url",
        "method":"_naSwan.bridge.postMessage"
    },
    "getFileInfo":{
        "invoke":"swan.method.url",
        "method":"_naSwan.bridge.postMessage"
    },
    "getFormId":{
        "invoke":"swan.method.url",
        "method":"_naSwan.bridge.postMessage"
    },
    "getHistory":{
        "invoke":"swan.method.url",
        "method":"_naSwan.bridge.postMessage"
    },
    "getImageInfo":{
        "invoke":"swan.method.url",
        "method":"_naSwan.bridge.postMessage"
    },
    "getLaunchAppInfo":{
        "invoke":"swan.method.url",
        "method":"_naSwan.bridge.postMessage"
    },
    "getLocalImgData":{
        "invoke":"swan.method.url",
        "method":"_naSwan.bridge.postMessage"
    },
    "getLocation":{
        "invoke":"swan.method.url",
        "method":"_naSwan.bridge.postMessage"
    },
    "getMenuButtonBoundingClientRect":{
        "invoke":"swan.method.json",
        "method":"_naSwan.bridge.getMenuButtonBoundingClientRect"
    },
    "getNetworkType":{
        "invoke":"swan.method.url",
        "method":"_naSwan.bridge.postMessage"
    },
    "getPhoneContacts":{
        "invoke":"swan.method.url",
        "method":"_naSwan.bridge.postMessage"
    },
    "getPhoneNumber":{
        "invoke":"swan.method.url",
        "method":"_naSwan.bridge.postMessage"
    },
    "getRealNameInfo":{
        "invoke":"swan.method.url",
        "method":"_naSwan.bridge.postMessage"
    },
    "getRegionData":{
        "invoke":"swan.method.url",
        "method":"_naSwan.bridge.postMessage"
    },
    "getSanDataFromActiveSlave":{
        "invoke":"swan.method.url",
        "method":"_naSwan.bridge.postMessage"
    },
    "getSavedFileInfo":{
        "invoke":"swan.method.url",
        "method":"_naSwan.bridge.postMessage"
    },
    "getSavedFileList":{
        "invoke":"swan.method.url",
        "method":"_naSwan.bridge.postMessage"
    },
    "getScreenBrightness":{
        "invoke":"swan.method.url",
        "method":"_naSwan.bridge.postMessage"
    },
    "getSetting":{
        "invoke":"swan.method.url",
        "method":"_naSwan.bridge.postMessage"
    },
    "getSlaveIdSync":{
        "invoke":"swan.method.json",
        "method":"_naSwan.bridge.getSlaveIdSync"
    },
    "getStorage":{
        "invoke":"swan.method.url",
        "method":"_naSwan.bridge.postMessage"
    },
    "getStorageInfo":{
        "invoke":"swan.method.url",
        "method":"_naSwan.bridge.postMessage"
    },
    "getStorageInfoSync":{
        "invoke":"swan.method.json",
        "method":"_naSwan.bridge.getStorageInfoSync"
    },
    "getStorageSync":{
        "invoke":"swan.method.json",
        "method":"_naSwan.bridge.getStorageSync"
    },
    "getSwanId":{
        "invoke":"swan.method.url",
        "method":"_naSwan.bridge.postMessage"
    },
    "getSystemInfo":{
        "invoke":"swan.method.url",
        "method":"_naSwan.bridge.postMessage"
    },
    "getSystemInfoSync":{
        "invoke":"swan.method.json",
        "method":"_naSwan.bridge.getSystemInfoSync"
    },
    "getUserInfo":{
        "invoke":"swan.method.url",
        "method":"_naSwan.bridge.postMessage"
    },
    "hideLoading":{
        "invoke":"swan.method.url",
        "method":"_naSwan.bridge.postMessage"
    },
    "hideNavigationBarLoading":{
        "invoke":"swan.method.url",
        "method":"_naSwan.bridge.postMessage"
    },
    "hideTabBar":{
        "invoke":"swan.method.url",
        "method":"_naSwan.bridge.postMessage"
    },
    "hideTabBarRedDot":{
        "invoke":"swan.method.url",
        "method":"_naSwan.bridge.postMessage"
    },
    "hideToast":{
        "invoke":"swan.method.url",
        "method":"_naSwan.bridge.postMessage"
    },
    "input.insert":{
        "invoke":"swan.method.url",
        "method":"_naSwan.bridge.postMessage"
    },
    "input.remove":{
        "invoke":"swan.method.url",
        "method":"_naSwan.bridge.postMessage"
    },
    "input.update":{
        "invoke":"swan.method.url",
        "method":"_naSwan.bridge.postMessage"
    },
    "installApp4Ad":{
        "invoke":"swan.method.url",
        "method":"_naSwan.bridge.postMessage"
    },
    "isAppInstalled":{
        "invoke":"swan.method.url",
        "method":"_naSwan.bridge.postMessage"
    },
    "isLoginSync":{
        "invoke":"swan.method.json",
        "method":"_naSwan.bridge.isLoginSync"
    },
    "live.fullScreen":{
        "invoke":"swan.method.url",
        "method":"_naSwan.bridge.postMessage"
    },
    "live.insert":{
        "invoke":"swan.method.url",
        "method":"_naSwan.bridge.postMessage"
    },
    "live.mute":{
        "invoke":"swan.method.url",
        "method":"_naSwan.bridge.postMessage"
    },
    "live.pause":{
        "invoke":"swan.method.url",
        "method":"_naSwan.bridge.postMessage"
    },
    "live.play":{
        "invoke":"swan.method.url",
        "method":"_naSwan.bridge.postMessage"
    },
    "live.remove":{
        "invoke":"swan.method.url",
        "method":"_naSwan.bridge.postMessage"
    },
    "live.resume":{
        "invoke":"swan.method.url",
        "method":"_naSwan.bridge.postMessage"
    },
    "live.stop":{
        "invoke":"swan.method.url",
        "method":"_naSwan.bridge.postMessage"
    },
    "live.update":{
        "invoke":"swan.method.url",
        "method":"_naSwan.bridge.postMessage"
    },
    "loadSubPackage":{
        "invoke":"swan.method.url",
        "method":"_naSwan.bridge.postMessage"
    },
    "login":{
        "invoke":"swan.method.url",
        "method":"_naSwan.bridge.postMessage"
    },
    "map.getCenterLocation":{
        "invoke":"swan.method.url",
        "method":"_naSwan.bridge.postMessage"
    },
    "map.getRegion":{
        "invoke":"swan.method.url",
        "method":"_naSwan.bridge.postMessage"
    },
    "map.getScale":{
        "invoke":"swan.method.url",
        "method":"_naSwan.bridge.postMessage"
    },
    "map.includePoints":{
        "invoke":"swan.method.url",
        "method":"_naSwan.bridge.postMessage"
    },
    "map.insert":{
        "invoke":"swan.method.url",
        "method":"_naSwan.bridge.postMessage"
    },
    "map.moveToLocation":{
        "invoke":"swan.method.url",
        "method":"_naSwan.bridge.postMessage"
    },
    "map.remove":{
        "invoke":"swan.method.url",
        "method":"_naSwan.bridge.postMessage"
    },
    "map.translateMarker":{
        "invoke":"swan.method.url",
        "method":"_naSwan.bridge.postMessage"
    },
    "map.update":{
        "invoke":"swan.method.url",
        "method":"_naSwan.bridge.postMessage"
    },
    "navigateToSmartProgram":{
        "invoke":"swan.method.url",
        "method":"_naSwan.bridge.postMessage"
    },
    "onMemoryWarning":{
        "invoke":"swan.method.url",
        "method":"_naSwan.bridge.postMessage"
    },
    "onNetworkStatusChange":{
        "invoke":"swan.method.url",
        "method":"_naSwan.bridge.postMessage"
    },
    "onSwanJSLoaded":{
        "invoke":"swan.method.url",
        "method":"_naSwan.bridge.postMessage"
    },
    "openAdWebPage":{
        "invoke":"swan.method.url",
        "method":"_naSwan.bridge.postMessage"
    },
    "openDocument":{
        "invoke":"swan.method.url",
        "method":"_naSwan.bridge.postMessage"
    },
    "openLocation":{
        "invoke":"swan.method.url",
        "method":"_naSwan.bridge.postMessage"
    },
    "openSetting":{
        "invoke":"swan.method.url",
        "method":"_naSwan.bridge.postMessage"
    },
    "openShare":{
        "invoke":"swan.method.url",
        "method":"_naSwan.bridge.postMessage"
    },
    "pageScrollTo":{
        "invoke":"swan.method.url",
        "method":"_naSwan.bridge.postMessage"
    },
    "performpanel":{
        "invoke":"swan.method.url",
        "method":"_naSwan.bridge.postMessage"
    },
    "postMessage":{
        "invoke":"swan.method.url",
        "method":"_naSwan.bridge.postMessage"
    },
    "previewImage":{
        "invoke":"swan.method.url",
        "method":"_naSwan.bridge.postMessage"
    },
    "recognizeImage":{
        "invoke":"swan.method.url",
        "method":"_naSwan.bridge.postMessage"
    },
    "recommendProducts":{
        "invoke":"swan.method.url",
        "method":"_naSwan.bridge.postMessage"
    },
    "recommendSimilarProducts":{
        "invoke":"swan.method.url",
        "method":"_naSwan.bridge.postMessage"
    },
    "recorder.pause":{
        "invoke":"swan.method.url",
        "method":"_naSwan.bridge.postMessage"
    },
    "recorder.resume":{
        "invoke":"swan.method.url",
        "method":"_naSwan.bridge.postMessage"
    },
    "recorder.start":{
        "invoke":"swan.method.url",
        "method":"_naSwan.bridge.postMessage"
    },
    "recorder.stop":{
        "invoke":"swan.method.url",
        "method":"_naSwan.bridge.postMessage"
    },
    "removeSavedFile":{
        "invoke":"swan.method.url",
        "method":"_naSwan.bridge.postMessage"
    },
    "removeStorage":{
        "invoke":"swan.method.url",
        "method":"_naSwan.bridge.postMessage"
    },
    "removeStorageSync":{
        "invoke":"swan.method.json",
        "method":"_naSwan.bridge.removeStorageSync"
    },
    "removeTabBarBadge":{
        "invoke":"swan.method.url",
        "method":"_naSwan.bridge.postMessage"
    },
    "replaceSwanCore":{
        "invoke":"swan.method.url",
        "method":"_naSwan.bridge.postMessage"
    },
    "request":{
        "invoke":"swan.method.url",
        "method":"_naSwan.bridge.postMessage"
    },
    "saveFile":{
        "invoke":"swan.method.url",
        "method":"_naSwan.bridge.postMessage"
    },
    "saveImageToPhotosAlbum":{
        "invoke":"swan.method.url",
        "method":"_naSwan.bridge.postMessage"
    },
    "saveVideoToPhotosAlbum":{
        "invoke":"swan.method.url",
        "method":"_naSwan.bridge.postMessage"
    },
    "scanCode":{
        "invoke":"swan.method.url",
        "method":"_naSwan.bridge.postMessage"
    },
    "sconsole.insert":{
        "invoke":"swan.method.url",
        "method":"_naSwan.bridge.postMessage"
    },
    "sconsole.remove":{
        "invoke":"swan.method.url",
        "method":"_naSwan.bridge.postMessage"
    },
    "sendSocketMessage":{
        "invoke":"swan.method.url",
        "method":"_naSwan.bridge.postMessage"
    },
    "setBackgroundColor":{
        "invoke":"swan.method.url",
        "method":"_naSwan.bridge.postMessage"
    },
    "setBackgroundTextStyle":{
        "invoke":"swan.method.url",
        "method":"_naSwan.bridge.postMessage"
    },
    "setCtsConfig":{
        "invoke":"swan.method.url",
        "method":"_naSwan.bridge.postMessage"
    },
    "setDebugConfig":{
        "invoke":"swan.method.url",
        "method":"_naSwan.bridge.postMessage"
    },
    "setEnableDebug":{
        "invoke":"swan.method.url",
        "method":"_naSwan.bridge.postMessage"
    },
    "setExtensionConfig":{
        "invoke":"swan.method.url",
        "method":"_naSwan.bridge.postMessage"
    },
    "setInnerAudioOption":{
        "invoke":"swan.method.url",
        "method":"_naSwan.bridge.postMessage"
    },
    "setKeepScreenOn":{
        "invoke":"swan.method.url",
        "method":"_naSwan.bridge.postMessage"
    },
    "setMenuOpacity":{
        "invoke":"swan.method.url",
        "method":"_naSwan.bridge.postMessage"
    },
    "setNavigationBarColor":{
        "invoke":"swan.method.url",
        "method":"_naSwan.bridge.postMessage"
    },
    "setNavigationBarTitle":{
        "invoke":"swan.method.url",
        "method":"_naSwan.bridge.postMessage"
    },
    "setReplaceSwanCoreConfig":{
        "invoke":"swan.method.url",
        "method":"_naSwan.bridge.postMessage"
    },
    "setSanFullData2Console":{
        "invoke":"swan.method.url",
        "method":"_naSwan.bridge.postMessage"
    },
    "setSanIncData2Console":{
        "invoke":"swan.method.url",
        "method":"_naSwan.bridge.postMessage"
    },
    "setScreenBrightness":{
        "invoke":"swan.method.url",
        "method":"_naSwan.bridge.postMessage"
    },
    "setStorage":{
        "invoke":"swan.method.url",
        "method":"_naSwan.bridge.postMessage"
    },
    "setStorageSync":{
        "invoke":"swan.method.json",
        "method":"_naSwan.bridge.setStorageSync"
    },
    "setTabBarBadge":{
        "invoke":"swan.method.url",
        "method":"_naSwan.bridge.postMessage"
    },
    "setTabBarItem":{
        "invoke":"swan.method.url",
        "method":"_naSwan.bridge.postMessage"
    },
    "setTabBarStyle":{
        "invoke":"swan.method.url",
        "method":"_naSwan.bridge.postMessage"
    },
    "setTopFavor":{
        "invoke":"swan.method.url",
        "method":"_naSwan.bridge.postMessage"
    },
    "showActionSheet":{
        "invoke":"swan.method.url",
        "method":"_naSwan.bridge.postMessage"
    },
    "showFavoriteGuide":{
        "invoke":"swan.method.url",
        "method":"_naSwan.bridge.postMessage"
    },
    "showLoading":{
        "invoke":"swan.method.url",
        "method":"_naSwan.bridge.postMessage"
    },
    "showModal":{
        "invoke":"swan.method.url",
        "method":"_naSwan.bridge.postMessage"
    },
    "showNavigationBarLoading":{
        "invoke":"swan.method.url",
        "method":"_naSwan.bridge.postMessage"
    },
    "showTabBar":{
        "invoke":"swan.method.url",
        "method":"_naSwan.bridge.postMessage"
    },
    "showTabBarRedDot":{
        "invoke":"swan.method.url",
        "method":"_naSwan.bridge.postMessage"
    },
    "showToast":{
        "invoke":"swan.method.url",
        "method":"_naSwan.bridge.postMessage"
    },
    "springback.insert":{
        "invoke":"swan.method.url",
        "method":"_naSwan.bridge.postMessage"
    },
    "springback.remove":{
        "invoke":"swan.method.url",
        "method":"_naSwan.bridge.postMessage"
    },
    "startAccelerometer":{
        "invoke":"swan.method.url",
        "method":"_naSwan.bridge.postMessage"
    },
    "startCompass":{
        "invoke":"swan.method.url",
        "method":"_naSwan.bridge.postMessage"
    },
    "startDeviceMotionListening":{
        "invoke":"swan.method.url",
        "method":"_naSwan.bridge.postMessage"
    },
    "startPullDownRefresh":{
        "invoke":"swan.method.url",
        "method":"_naSwan.bridge.postMessage"
    },
    "statisticEvent":{
        "invoke":"swan.method.url",
        "method":"_naSwan.bridge.postMessage"
    },
    "statisticFlowJar":{
        "invoke":"swan.method.url",
        "method":"_naSwan.bridge.postMessage"
    },
    "stopAccelerometer":{
        "invoke":"swan.method.url",
        "method":"_naSwan.bridge.postMessage"
    },
    "stopCompass":{
        "invoke":"swan.method.url",
        "method":"_naSwan.bridge.postMessage"
    },
    "stopDeviceMotionListening":{
        "invoke":"swan.method.url",
        "method":"_naSwan.bridge.postMessage"
    },
    "stopPullDownRefresh":{
        "invoke":"swan.method.url",
        "method":"_naSwan.bridge.postMessage"
    },
    "textarea.insert":{
        "invoke":"swan.method.url",
        "method":"_naSwan.bridge.postMessage"
    },
    "textarea.remove":{
        "invoke":"swan.method.url",
        "method":"_naSwan.bridge.postMessage"
    },
    "textarea.update":{
        "invoke":"swan.method.url",
        "method":"_naSwan.bridge.postMessage"
    },
    "ubcFlowJar":{
        "invoke":"swan.method.url",
        "method":"_naSwan.bridge.postMessage"
    },
    "updateManager.applyUpdate":{
        "invoke":"swan.method.url",
        "method":"_naSwan.bridge.postMessage"
    },
    "uploadFile":{
        "invoke":"swan.method.url",
        "method":"_naSwan.bridge.postMessage"
    },
    "vibrateLong":{
        "invoke":"swan.method.url",
        "method":"_naSwan.bridge.postMessage"
    },
    "vibrateShort":{
        "invoke":"swan.method.url",
        "method":"_naSwan.bridge.postMessage"
    },
    "video.fullScreen":{
        "invoke":"swan.method.url",
        "method":"_naSwan.bridge.postMessage"
    },
    "video.hideStatusBar":{
        "invoke":"swan.method.url",
        "method":"_naSwan.bridge.postMessage"
    },
    "video.insert":{
        "invoke":"swan.method.url",
        "method":"_naSwan.bridge.postMessage"
    },
    "video.pause":{
        "invoke":"swan.method.url",
        "method":"_naSwan.bridge.postMessage"
    },
    "video.play":{
        "invoke":"swan.method.url",
        "method":"_naSwan.bridge.postMessage"
    },
    "video.remove":{
        "invoke":"swan.method.url",
        "method":"_naSwan.bridge.postMessage"
    },
    "video.seek":{
        "invoke":"swan.method.url",
        "method":"_naSwan.bridge.postMessage"
    },
    "video.sendDanmu":{
        "invoke":"swan.method.url",
        "method":"_naSwan.bridge.postMessage"
    },
    "video.showStatusBar":{
        "invoke":"swan.method.url",
        "method":"_naSwan.bridge.postMessage"
    },
    "video.update":{
        "invoke":"swan.method.url",
        "method":"_naSwan.bridge.postMessage"
    },
    "webView.exit":{
        "invoke":"swan.method.url",
        "method":"_naSwan.bridge.postMessage"
    },
    "webView.insert":{
        "invoke":"swan.method.url",
        "method":"_naSwan.bridge.postMessage"
    },
    "webView.launch":{
        "invoke":"swan.method.url",
        "method":"_naSwan.bridge.postMessage"
    },
    "webView.navigateBack":{
        "invoke":"swan.method.json",
        "method":"_naSwan.bridge.navigation.navigateBack"
    },
    "webView.navigateTo":{
        "invoke":"swan.method.json",
        "method":"_naSwan.bridge.navigation.navigateTo"
    },
    "webView.reLaunch":{
        "invoke":"swan.method.json",
        "method":"_naSwan.bridge.navigation.reLaunch"
    },
    "webView.redirectTo":{
        "invoke":"swan.method.json",
        "method":"_naSwan.bridge.navigation.redirectTo"
    },
    "webView.remove":{
        "invoke":"swan.method.url",
        "method":"_naSwan.bridge.postMessage"
    },
    "webView.switchTab":{
        "invoke":"swan.method.url",
        "method":"_naSwan.bridge.postMessage"
    },
    "webView.update":{
        "invoke":"swan.method.url",
        "method":"_naSwan.bridge.postMessage"
    }
}